{
  component: 'alboran',
  errorMessage: 'Ocurrio un error, por favor intente más tarde',
  errorData: {
    output: '{"timestamp":"2022-07-12T02:27:22.642+00:00","status":500,"error":"Internal Server Error","path":"/direct/json/lotteryundefined"}',
    input: {
      command: 'reserveLottery',
      systemCode: '1',
      sessionToken: '123',
      transactionId: 1657592839872,
      language: 'en',
      currency: 'USD',
      operationTimeStamp: '2022-07-11 9:27:21.000',
      amount: '30.00',
      reservationDetails: [
        {
          lotteryType: 1,
          lotteryName: 'Loteria Nacional',
          drawNumber: 6686,
          drawDate: '2022-10-12',
          subTotal: '30.00',
          combinationC1: '05820',
          fractions: [
            '1',  '2',  '3',  '4',  '5',  '6',
            '7',  '8',  '9',  '10', '11', '12',
            '13', '14', '15', '16', '17', '18',
            '19', '20', '21', '22', '23', '24',
            '25', '26', '27', '28', '29', '30'
          ]
        }
      ]
    },
    function: 'alboranRequest'
  },
  level: 'error',
  message: 'reserveLottery.error',
  timestamp: '2022-07-11 22:27:22'
}
{
  component: 'alboran',
  errorMessage: 'Ocurrio un error, por favor intente más tarde',
  errorData: {
    output: '{"timestamp":"2022-07-14T04:30:04.943+00:00","status":500,"error":"Internal Server Error","path":"/direct/json/lotteryundefined"}',
    input: {
      sessionToken: '123',
      transactionId: 1657773004235,
      currency: 'USD',
      operationTimeStamp: '2022-07-13 11:30:04.000',
      amount: '30.00',
      reservationDetails: [
        {
          lotteryType: 1,
          drawNumber: 6686,
          drawDate: '2022-10-12',
          subTotal: '30.00',
          combinationC1: '13057',
          fractions: '1,2,3,4,5,6,7,8,9,10,11,12,13,14,15,16,17,18,19,20,21,22,23,24,25,26,27,28,29,30'
        }
      ]
    },
    function: 'alboranRequest'
  },
  level: 'error',
  message: 'reserveLottery.error',
  timestamp: '2022-07-14 00:30:04'
}
{
  component: 'alboran',
  errorMessage: 'Ocurrio un error, por favor intente más tarde',
  errorData: {
    output: '{"timestamp":"2022-07-14T04:31:05.172+00:00","status":500,"error":"Internal Server Error","path":"/direct/json/lotteryundefined"}',
    input: {
      sessionToken: '123',
      transactionId: 1657773064490,
      currency: 'USD',
      operationTimeStamp: '2022-07-13 11:31:04.000',
      amount: '30.00',
      reservationDetails: [
        {
          lotteryType: 1,
          drawNumber: 6686,
          drawDate: '2022-10-12',
          subTotal: '30.00',
          combinationC1: '13057',
          fractions: '1,2,3,4,5,6,7,8,9,10,11,12,13,14,15,16,17,18,19,20,21,22,23,24,25,26,27,28,29,30'
        }
      ]
    },
    function: 'alboranRequest'
  },
  level: 'error',
  message: 'reserveLottery.error',
  timestamp: '2022-07-14 00:31:05'
}
{
  component: 'alboran',
  errorMessage: 'Ocurrio un error, por favor intente más tarde',
  errorData: {
    output: '{"timestamp":"2022-07-14T04:34:50.531+00:00","status":500,"error":"Internal Server Error","path":"/direct/json/lotteryundefined"}',
    input: {
      sessionToken: '123',
      transactionId: 1657773288415,
      currency: 'USD',
      operationTimeStamp: '2022-07-13 11:34:49.000',
      amount: '30.00',
      reservationDetails: [
        {
          lotteryType: 1,
          drawNumber: 6686,
          drawDate: '2022-10-12',
          subTotal: '30.00',
          combinationC1: '13057',
          fractions: '1,2,3,4,5,6,7,8,9,10,11,12,13,14,15,16,17,18,19,20,21,22,23,24,25,26,27,28,29,30'
        }
      ]
    },
    function: 'alboranRequest'
  },
  level: 'error',
  message: 'reserveLottery.error',
  timestamp: '2022-07-14 00:34:50'
}
{
  component: 'alboran',
  errorMessage: 'Ocurrio un error, por favor intente más tarde',
  errorData: {
    output: '{"timestamp":"2022-07-14T04:35:51.004+00:00","status":500,"error":"Internal Server Error","path":"/direct/json/lotteryundefined"}',
    input: {
      sessionToken: '123',
      transactionId: 1657773345436,
      currency: 'USD',
      operationTimeStamp: '2022-07-13 11:35:45.000',
      amount: '30.00',
      reservationDetails: [
        {
          lotteryType: 1,
          drawNumber: 6686,
          drawDate: '2022-10-12',
          subTotal: '30.00',
          combinationC1: '13057',
          fractions: '1,2,3,4,5,6,7,8,9,10,11,12,13,14,15,16,17,18,19,20,21,22,23,24,25,26,27,28,29,30'
        }
      ]
    },
    function: 'alboranRequest'
  },
  level: 'error',
  message: 'reserveLottery.error',
  timestamp: '2022-07-14 00:35:51'
}
{
  component: 'alboran',
  errorMessage: 'The first argument must be of type string or an instance of Buffer or Uint8Array. Received an instance of Object',
  errorData: {
    input: TypeError [ERR_INVALID_ARG_TYPE]: The first argument must be of type string or an instance of Buffer or Uint8Array. Received an instance of Object
        at write_ (_http_outgoing.js:665:11)
        at ClientRequest.write (_http_outgoing.js:633:15)
        at /home/angeloacr/Proyectos/loteriaNacional/app/loteriaNacionalServer2/alboran/helper.js:72:13
        at new Promise (<anonymous>)
        at Object.module.exports.alboranRequest (/home/angeloacr/Proyectos/loteriaNacional/app/loteriaNacionalServer2/alboran/helper.js:13:12)
        at Object.reserveLottery (/home/angeloacr/Proyectos/loteriaNacional/app/loteriaNacionalServer2/alboran/wallet.js:230:35)
        at Object.reservarSaldoAlboran (/home/angeloacr/Proyectos/loteriaNacional/app/loteriaNacionalServer2/ventas/controller/main.js:95:47)
        at comprarBoletos (/home/angeloacr/Proyectos/loteriaNacional/app/loteriaNacionalServer2/ventas/controller/main.js:609:58)
        at processTicksAndRejections (internal/process/task_queues.js:97:5) {
      code: 'ERR_INVALID_ARG_TYPE'
    },
    output: '',
    function: 'alboranRequest'
  },
  level: 'error',
  message: 'reserveLottery.error',
  timestamp: '2022-07-14 00:44:43'
}
{
  component: 'alboran',
  errorMessage: 'The first argument must be of type string or an instance of Buffer or Uint8Array. Received an instance of Object',
  errorData: {
    input: TypeError [ERR_INVALID_ARG_TYPE]: The first argument must be of type string or an instance of Buffer or Uint8Array. Received an instance of Object
        at write_ (_http_outgoing.js:665:11)
        at ClientRequest.write (_http_outgoing.js:633:15)
        at /home/angeloacr/Proyectos/loteriaNacional/app/loteriaNacionalServer2/alboran/helper.js:72:13
        at new Promise (<anonymous>)
        at Object.module.exports.alboranRequest (/home/angeloacr/Proyectos/loteriaNacional/app/loteriaNacionalServer2/alboran/helper.js:13:12)
        at Object.reserveLottery (/home/angeloacr/Proyectos/loteriaNacional/app/loteriaNacionalServer2/alboran/wallet.js:230:35)
        at Object.reservarSaldoAlboran (/home/angeloacr/Proyectos/loteriaNacional/app/loteriaNacionalServer2/ventas/controller/main.js:95:47)
        at comprarBoletos (/home/angeloacr/Proyectos/loteriaNacional/app/loteriaNacionalServer2/ventas/controller/main.js:609:58)
        at processTicksAndRejections (internal/process/task_queues.js:97:5) {
      code: 'ERR_INVALID_ARG_TYPE'
    },
    output: '',
    function: 'alboranRequest'
  },
  level: 'error',
  message: 'reserveLottery.error',
  timestamp: '2022-07-14 00:45:10'
}
{
  component: 'alboran',
  errorMessage: 'The first argument must be of type string or an instance of Buffer or Uint8Array. Received an instance of Object',
  errorData: {
    input: TypeError [ERR_INVALID_ARG_TYPE]: The first argument must be of type string or an instance of Buffer or Uint8Array. Received an instance of Object
        at write_ (_http_outgoing.js:665:11)
        at ClientRequest.write (_http_outgoing.js:633:15)
        at /home/angeloacr/Proyectos/loteriaNacional/app/loteriaNacionalServer2/alboran/helper.js:70:13
        at new Promise (<anonymous>)
        at Object.module.exports.alboranRequest (/home/angeloacr/Proyectos/loteriaNacional/app/loteriaNacionalServer2/alboran/helper.js:13:12)
        at Object.reserveLottery (/home/angeloacr/Proyectos/loteriaNacional/app/loteriaNacionalServer2/alboran/wallet.js:230:35)
        at Object.reservarSaldoAlboran (/home/angeloacr/Proyectos/loteriaNacional/app/loteriaNacionalServer2/ventas/controller/main.js:95:47)
        at comprarBoletos (/home/angeloacr/Proyectos/loteriaNacional/app/loteriaNacionalServer2/ventas/controller/main.js:618:58)
        at processTicksAndRejections (internal/process/task_queues.js:97:5) {
      code: 'ERR_INVALID_ARG_TYPE'
    },
    output: '',
    function: 'alboranRequest'
  },
  level: 'error',
  message: 'reserveLottery.error',
  timestamp: '2022-07-20 15:49:40'
}
