{
  component: 'alboran',
  errorMessage: 'connect ECONNREFUSED 127.0.0.1:443',
  level: 'error',
  message: 'helper.alboranRequest.error',
  timestamp: '2022-06-30 12:57:29'
}
{
  component: 'alboran',
  errorMessage: 'connect ECONNREFUSED 127.0.0.1:443',
  errorData: {
    input: Error: connect ECONNREFUSED 127.0.0.1:443
        at TCPConnectWrap.afterConnect [as oncomplete] (net.js:1144:16) {
      errno: 'ECONNREFUSED',
      code: 'ECONNREFUSED',
      syscall: 'connect',
      address: '127.0.0.1',
      port: 443
    },
    output: '',
    function: 'alboranRequest'
  },
  level: 'error',
  message: 'authUser.error',
  timestamp: '2022-06-30 12:57:29'
}
{
  component: 'alboran',
  errorMessage: 'getaddrinfo ENOTFOUND loteria.mongibello.tech:8081',
  level: 'error',
  message: 'helper.alboranRequest.error',
  timestamp: '2022-06-30 12:58:44'
}
{
  component: 'alboran',
  errorMessage: 'getaddrinfo ENOTFOUND loteria.mongibello.tech:8081',
  errorData: {
    input: Error: getaddrinfo ENOTFOUND loteria.mongibello.tech:8081
        at GetAddrInfoReqWrap.onlookup [as oncomplete] (dns.js:66:26) {
      errno: 'ENOTFOUND',
      code: 'ENOTFOUND',
      syscall: 'getaddrinfo',
      hostname: 'loteria.mongibello.tech:8081'
    },
    output: '',
    function: 'alboranRequest'
  },
  level: 'error',
  message: 'authUser.error',
  timestamp: '2022-06-30 12:58:44'
}
{
  component: 'alboran',
  errorMessage: 'self signed certificate',
  level: 'error',
  message: 'helper.alboranRequest.error',
  timestamp: '2022-06-30 13:00:15'
}
{
  component: 'alboran',
  errorMessage: 'self signed certificate',
  errorData: {
    input: Error: self signed certificate
        at TLSSocket.onConnectSecure (_tls_wrap.js:1502:34)
        at TLSSocket.emit (events.js:314:20)
        at TLSSocket._finishInit (_tls_wrap.js:937:8)
        at TLSWrap.ssl.onhandshakedone (_tls_wrap.js:711:12) {
      code: 'DEPTH_ZERO_SELF_SIGNED_CERT'
    },
    output: '',
    function: 'alboranRequest'
  },
  level: 'error',
  message: 'authUser.error',
  timestamp: '2022-06-30 13:00:15'
}
{
  component: 'alboran',
  errorMessage: 'self signed certificate',
  level: 'error',
  message: 'helper.alboranRequest.error',
  timestamp: '2022-06-30 13:06:10'
}
{
  component: 'alboran',
  errorMessage: 'self signed certificate',
  errorData: {
    input: Error: self signed certificate
        at TLSSocket.onConnectSecure (_tls_wrap.js:1502:34)
        at TLSSocket.emit (events.js:314:20)
        at TLSSocket._finishInit (_tls_wrap.js:937:8)
        at TLSWrap.ssl.onhandshakedone (_tls_wrap.js:711:12) {
      code: 'DEPTH_ZERO_SELF_SIGNED_CERT'
    },
    output: '',
    function: 'alboranRequest'
  },
  level: 'error',
  message: 'authUser.error',
  timestamp: '2022-06-30 13:06:10'
}
{
  component: 'alboran',
  errorMessage: 'self signed certificate',
  level: 'error',
  message: 'helper.alboranRequest.error',
  timestamp: '2022-06-30 13:06:42'
}
{
  component: 'alboran',
  errorMessage: 'Ocurrio un error, por favor intente más tarde',
  errorData: {
    output: '{"timestamp":"2022-06-30T17:10:32.554+00:00","status":500,"error":"Internal Server Error","path":"/direct/json/lottery"}',
    input: { sessionToken: '123' },
    function: 'alboranRequest'
  },
  level: 'error',
  message: 'authUser.error',
  timestamp: '2022-06-30 13:10:32'
}
{
  component: 'alboran',
  errorMessage: 'Ocurrio un error, por favor intente más tarde',
  errorData: {
    output: '{"timestamp":"2022-06-30T17:10:42.210+00:00","status":500,"error":"Internal Server Error","path":"/direct/json/lottery"}',
    input: { sessionToken: '123' },
    function: 'alboranRequest'
  },
  level: 'error',
  message: 'authUser.error',
  timestamp: '2022-06-30 13:10:42'
}
{
  component: 'alboran',
  errorMessage: 'Ocurrio un error, por favor intente más tarde',
  errorData: {
    output: '{"timestamp":"2022-06-30T17:10:49.644+00:00","status":500,"error":"Internal Server Error","path":"/direct/json/lottery"}',
    input: { sessionToken: '123' },
    function: 'alboranRequest'
  },
  level: 'error',
  message: 'authUser.error',
  timestamp: '2022-06-30 13:10:49'
}
{
  component: 'alboran',
  errorMessage: 'Ocurrio un error, por favor intente más tarde',
  errorData: {
    output: '{"timestamp":"2022-06-30T17:11:13.919+00:00","status":500,"error":"Internal Server Error","path":"/direct/json/lottery"}',
    input: { sessionToken: '123' },
    function: 'alboranRequest'
  },
  level: 'error',
  message: 'authUser.error',
  timestamp: '2022-06-30 13:11:13'
}
{
  component: 'alboran',
  errorMessage: 'self signed certificate',
  level: 'error',
  message: 'helper.alboranRequest.error',
  timestamp: '2022-06-30 13:11:49'
}
{
  component: 'alboran',
  errorMessage: 'self signed certificate',
  errorData: {
    input: Error: self signed certificate
        at TLSSocket.onConnectSecure (_tls_wrap.js:1502:34)
        at TLSSocket.emit (events.js:314:20)
        at TLSSocket._finishInit (_tls_wrap.js:937:8)
        at TLSWrap.ssl.onhandshakedone (_tls_wrap.js:711:12) {
      code: 'DEPTH_ZERO_SELF_SIGNED_CERT'
    },
    output: '',
    function: 'alboranRequest'
  },
  level: 'error',
  message: 'authUser.error',
  timestamp: '2022-06-30 13:11:49'
}
{
  component: 'alboran',
  errorMessage: 'Ocurrio un error, por favor intente más tarde',
  errorData: {
    output: '{"timestamp":"2022-06-30T17:12:19.753+00:00","status":500,"error":"Internal Server Error","path":"/direct/json/lottery"}',
    input: { sessionToken: '123' },
    function: 'alboranRequest'
  },
  level: 'error',
  message: 'authUser.error',
  timestamp: '2022-06-30 13:12:19'
}
{
  component: 'alboran',
  errorMessage: 'Invalid value "undefined" for header "Content-Length"',
  errorData: {
    input: TypeError [ERR_HTTP_INVALID_HEADER_VALUE]: Invalid value "undefined" for header "Content-Length"
        at ClientRequest.setHeader (_http_outgoing.js:533:3)
        at new ClientRequest (_http_client.js:242:14)
        at Object.request (https.js:316:10)
        at /home/angeloacr/Proyectos/loteriaNacional/app/loteriaNacionalServer2/alboran/helper.js:28:27
        at new Promise (<anonymous>)
        at Object.module.exports.alboranRequest (/home/angeloacr/Proyectos/loteriaNacional/app/loteriaNacionalServer2/alboran/helper.js:13:12)
        at Object.authUser (/home/angeloacr/Proyectos/loteriaNacional/app/loteriaNacionalServer2/alboran/auth.js:15:35)
        at /home/angeloacr/Proyectos/loteriaNacional/app/loteriaNacionalServer2/alboran/test.js:6:27
        at Object.<anonymous> (/home/angeloacr/Proyectos/loteriaNacional/app/loteriaNacionalServer2/alboran/test.js:11:3)
        at Module._compile (internal/modules/cjs/loader.js:999:30) {
      code: 'ERR_HTTP_INVALID_HEADER_VALUE'
    },
    output: '',
    function: 'alboranRequest'
  },
  level: 'error',
  message: 'authUser.error',
  timestamp: '2022-06-30 13:13:58'
}
{
  component: 'alboran',
  errorMessage: 'The first argument must be of type string or an instance of Buffer or Uint8Array. Received an instance of Object',
  errorData: {
    input: TypeError [ERR_INVALID_ARG_TYPE]: The first argument must be of type string or an instance of Buffer or Uint8Array. Received an instance of Object
        at write_ (_http_outgoing.js:665:11)
        at ClientRequest.write (_http_outgoing.js:633:15)
        at /home/angeloacr/Proyectos/loteriaNacional/app/loteriaNacionalServer2/alboran/helper.js:71:13
        at new Promise (<anonymous>)
        at Object.module.exports.alboranRequest (/home/angeloacr/Proyectos/loteriaNacional/app/loteriaNacionalServer2/alboran/helper.js:13:12)
        at Object.authUser (/home/angeloacr/Proyectos/loteriaNacional/app/loteriaNacionalServer2/alboran/auth.js:15:35)
        at /home/angeloacr/Proyectos/loteriaNacional/app/loteriaNacionalServer2/alboran/test.js:6:27
        at Object.<anonymous> (/home/angeloacr/Proyectos/loteriaNacional/app/loteriaNacionalServer2/alboran/test.js:11:3)
        at Module._compile (internal/modules/cjs/loader.js:999:30)
        at Object.Module._extensions..js (internal/modules/cjs/loader.js:1027:10) {
      code: 'ERR_INVALID_ARG_TYPE'
    },
    output: '',
    function: 'alboranRequest'
  },
  level: 'error',
  message: 'authUser.error',
  timestamp: '2022-06-30 13:14:20'
}
{
  component: 'alboran',
  errorMessage: 'socket hang up',
  level: 'error',
  message: 'helper.alboranRequest.error',
  timestamp: '2022-06-30 13:15:20'
}
